workload,variant,structure,n,time_ms,steps,moves,comparisons
W1,-,DynamicArray,100,0.312,10000,0,0
W2,-,DynamicArray,100,0.445,75572,0,75572
W3,head,DynamicArray,100,0.121,1201920,1200920,0
W3,middle,DynamicArray,100,0.112,1101920,1100920,0
W1,-,MyLinkedList,100,0.460,501508,0,0
W2,-,MyLinkedList,100,0.437,75072,0,75572
W3,head,MyLinkedList,100,0.108,1000,3000,0
W3,middle,MyLinkedList,100,0.218,100000,3000,0
W4,-,MinHeap,100,0.133,3407,1237,1035
W1,-,DynamicArray,1000,0.051,10000,0,0
W2,-,DynamicArray,1000,0.527,752172,0,752172
W3,head,DynamicArray,1000,0.156,3001024,3000024,0
W3,middle,DynamicArray,1000,0.123,2001024,2000024,0
W1,-,MyLinkedList,1000,5.574,5005208,0,0
W2,-,MyLinkedList,1000,1.247,751672,0,752172
W3,head,MyLinkedList,1000,0.012,1000,3000,0
W3,middle,MyLinkedList,1000,1.110,1000000,3000,0
W4,-,MinHeap,1000,0.287,54661,19209,17226
W1,-,DynamicArray,10000,0.044,10000,0,0
W2,-,DynamicArray,10000,3.522,7399384,0,7399384
W3,head,DynamicArray,10000,0.633,21000000,20999000,0
W3,middle,DynamicArray,10000,0.417,11000000,10999000,0
W1,-,MyLinkedList,10000,57.431,50129208,0,0
W2,-,MyLinkedList,10000,11.987,7398884,0,7399384
W3,head,MyLinkedList,10000,0.013,1000,3000,0
W3,middle,MyLinkedList,10000,11.656,10000000,3000,0
W4,-,MinHeap,10000,0.937,754129,265471,239329
W1,-,DynamicArray,100000,0.017,10000,0,0
W2,-,DynamicArray,100000,32.206,73728608,0,73728608
W3,head,DynamicArray,100000,10.097,201000000,200999000,0
W3,middle,DynamicArray,100000,5.065,101000000,100999000,0
W1,-,MyLinkedList,100000,754.936,502489208,0,0
W2,-,MyLinkedList,100000,191.747,73728108,0,73728608
W3,head,MyLinkedList,100000,0.091,1000,3000,0
W3,middle,MyLinkedList,100000,190.270,100000000,3000,0
W4,-,MinHeap,100000,12.125,9505673,3287423,3059125
